<?xml version='1.0' encoding='UTF-8' ?>
<timeLogEntries>
  <time id="1" path="/Non Project/PSP Training/Program 1/Planning" start="@1629591136000" delta="7" />
  <time id="2" path="/Non Project/PSP Training/Program 1/Design" start="@1629591538579" delta="40" />
  <time id="6" path="/Non Project/PSP Training/Program 1/Code" start="@1629594099352" delta="43" interrupt="3" />
  <time id="7" path="/Non Project/PSP Training/Program 1/Compile" start="@1629597481553" delta="9" interrupt="4" />
  <time id="8" path="/Non Project/PSP Training/Program 1/Test" start="@1629760883374" delta="16" />
  <time id="10" path="/Non Project/PSP Training/Program 1/Postmortem" start="@1629923126693" delta="19" interrupt="1" />
  <time id="11" path="/Non Project/PSP Training/Program 2/Planning" start="@1630199836625" delta="3" />
  <time id="12" path="/Non Project/PSP Training/Program 2/Planning" start="@1630444699990" delta="7" />
  <time id="13" path="/Non Project/PSP Training/Program 2/Planning" start="@1630445624467" delta="6" interrupt="3" />
  <time id="14" path="/Non Project/PSP Training/Program 2/Design" start="@1630446681508" delta="58" />
  <time id="15" path="/Non Project/PSP Training/Program 2/Code" start="@1630450803771" delta="64" interrupt="7" />
  <time id="16" path="/Non Project/PSP Training/Program 2/Code" start="@1630458276595" delta="24" interrupt="6" />
  <time id="17" path="/Non Project/PSP Training/Program 2/Compile" start="@1630460106313" delta="8" interrupt="4" />
  <time id="18" path="/Non Project/PSP Training/Program 2/Compile" start="@1630460940732" delta="1" />
  <time id="19" path="/Non Project/PSP Training/Program 2/Compile" start="@1630466581000" delta="40" />
  <time id="21" path="/Non Project/PSP Training/Program 2/Test" start="@1630539899295" delta="85" />
  <time id="22" path="/Non Project/PSP Training/Program 2/Test" start="@1630555065866" delta="16" />
  <time id="23" path="/Non Project/PSP Training/Program 2/Test" start="@1630970903226" delta="13" />
  <time id="24" path="/Non Project/PSP Training/Program 2/Test" start="@1630977762211" delta="4" />
  <time id="25" path="/Non Project/PSP Training/Program 2/Postmortem" start="@1631159097764" delta="38" />
  <time id="26" path="/Non Project/PSP Training/Program 3/Planning" start="@1631400133814" delta="14" />
  <time id="27" path="/Non Project/PSP Training/Program 3/Planning" start="@1631665113679" delta="3" />
  <time id="28" path="/Non Project/PSP Training/Program 3/Planning" start="@1631665300220" delta="13" />
  <time id="29" path="/Non Project/PSP Training/Program 3/Planning" start="@1631666087186" delta="4" />
  <time id="30" path="/Non Project/PSP Training/Program 3/Design" start="@1631666366000" delta="44" interrupt="1" />
  <time id="31" path="/Non Project/PSP Training/Program 3/Design Review" start="@1631670021000" delta="39" />
  <time id="32" path="/Non Project/PSP Training/Program 3/Code" start="@1631735536551" delta="67" />
  <time id="33" path="/Non Project/PSP Training/Program 3/Code Review" start="@1631739582148" delta="7" interrupt="53" />
  <time id="34" path="/Non Project/PSP Training/Program 3/Code Review" start="@1631747901330" delta="11" />
  <time id="35" path="/Non Project/PSP Training/Program 3/Code Review" start="@1631749461319" delta="2" />
  <time id="36" path="/Non Project/PSP Training/Program 3/Compile" start="@1631749578890" delta="4" interrupt="1" />
  <time id="37" path="/Non Project/PSP Training/Program 3/Test" start="@1631751828948" delta="16" />
  <time id="38" path="/Non Project/PSP Training/Program 3/Test" start="@1631764947188" delta="25" />
  <time id="40" path="/Non Project/PSP Training/Program 3/Postmortem" start="@1631766399538" delta="18" />
  <time id="41" path="/Non Project/PSP Training/Program 2/Postmortem" start="@1631767452336" delta="18" interrupt="4" />
  <time id="42" path="/Non Project/PSP Training/Program 3/Postmortem" start="@1631768788196" delta="11" />
  <time id="43" path="/Non Project/PSP Training/Program 4/Planning" start="@1632527217275" delta="7" />
  <time id="44" path="/Non Project/PSP Training/Program 4/Planning" start="@1632527675080" delta="8" />
  <time id="45" path="/Non Project/PSP Training/Program 4/Design" start="@1632528155095" delta="27" interrupt="102" />
  <time id="46" path="/Non Project/PSP Training/Program 4/Design" start="@1632535962607" delta="25" />
  <time id="47" path="/Non Project/PSP Training/Program 4/Design" start="@1632590909502" delta="34" />
  <time id="48" path="/Non Project/PSP Training/Program 4/Design" start="@1632594025349" delta="21" />
  <time id="49" path="/Non Project/PSP Training/Program 4/Design" start="@1632595762106" delta="35" />
  <time id="50" path="/Non Project/PSP Training/Program 4/Design Review" start="@1632597858343" delta="50" interrupt="296" />
  <time id="51" path="/Non Project/PSP Training/Program 4/Code" start="@1632618638047" delta="15" interrupt="9" />
  <time id="52" path="/Non Project/PSP Training/Program 4/Code" start="@1632620215306" delta="15" />
  <time id="53" path="/Non Project/PSP Training/Program 4/Code Review" start="@1632621132446" delta="16" interrupt="97" />
  <time id="54" path="/Non Project/PSP Training/Program 4/Compile" start="@1632627959691" delta="2" />
  <time id="55" path="/Non Project/PSP Training/Program 4/Test" start="@1632628067421" delta="9" interrupt="26" />
  <time id="56" path="/Non Project/PSP Training/Program 4/Postmortem" start="@1632630223801" delta="22" interrupt="19" />
</timeLogEntries>
