<?xml version='1.0' encoding='UTF-8' ?>
<timeLogEntries>
  <time id="68" path="/Non Project/PSP Training/Program 6/Planning" start="@1634779570476" delta="21" flag="A" />
  <time id="69" path="/Non Project/PSP Training/Program 6/Design" start="@1634780873000" delta="68" flag="A" />
  <time id="70" flag="D" />
  <time id="71" path="/Non Project/PSP Training/Program 6/Code" start="@1634945183797" delta="55" flag="A" />
  <time id="72" path="/Non Project/PSP Training/Program 6/Code Review" start="@1634950382801" delta="41" flag="A" />
  <time id="73" path="/Non Project/PSP Training/Program 6/Test" start="@1634955154061" delta="5" flag="A" />
  <time id="74" path="/Non Project/PSP Training/Program 6/Postmortem" start="@1634956418602" delta="14" flag="A" />
  <time id="75" path="/Non Project/PSP Training/Program 6/Postmortem" start="@1634957981293" delta="24" flag="A" />
  <time id="76" path="/Non Project/PSP Training/Program 6/Compile" start="@1634952950000" delta="1" flag="A" />
  <time id="77" flag="D" />
  <time id="78" path="/Non Project/PSP Training/Program 6/Design Review" start="@1634938721000" delta="37" flag="A" />
</timeLogEntries>
