<?xml version='1.0' encoding='UTF-8' ?>
<timeLogEntries>
  <time id="27" path="/Non Project/PSP Training/Program 3/Planning" start="@1631665113679" delta="3" flag="A" />
  <time id="28" path="/Non Project/PSP Training/Program 3/Planning" start="@1631665300220" delta="13" flag="A" />
  <time id="29" path="/Non Project/PSP Training/Program 3/Planning" start="@1631666087186" delta="4" flag="A" />
  <time id="30" path="/Non Project/PSP Training/Program 3/Design" start="@1631666366000" delta="44" interrupt="1" flag="A" />
  <time id="31" path="/Non Project/PSP Training/Program 3/Design Review" start="@1631670021000" delta="39" flag="A" />
  <time id="32" path="/Non Project/PSP Training/Program 3/Code" start="@1631735536551" delta="67" flag="A" />
  <time id="33" path="/Non Project/PSP Training/Program 3/Code Review" start="@1631739582148" delta="7" interrupt="53" flag="A" />
  <time id="34" path="/Non Project/PSP Training/Program 3/Code Review" start="@1631747901330" delta="11" flag="A" />
  <time id="35" path="/Non Project/PSP Training/Program 3/Code Review" start="@1631749461319" delta="2" flag="A" />
  <time id="36" path="/Non Project/PSP Training/Program 3/Compile" start="@1631749578890" delta="4" interrupt="1" flag="A" />
  <time id="37" path="/Non Project/PSP Training/Program 3/Test" start="@1631751828948" delta="16" flag="A" />
  <time id="38" path="/Non Project/PSP Training/Program 3/Test" start="@1631764947188" delta="25" flag="A" />
  <time id="40" path="/Non Project/PSP Training/Program 3/Postmortem" start="@1631766399538" delta="18" flag="A" />
  <time id="41" path="/Non Project/PSP Training/Program 2/Postmortem" start="@1631767452336" delta="18" interrupt="4" flag="A" />
  <time id="42" path="/Non Project/PSP Training/Program 3/Postmortem" start="@1631768788196" delta="11" flag="A" />
  <time id="39" flag="D" />
</timeLogEntries>
