<?xml version='1.0' encoding='UTF-8' ?>
<timeLogEntries>
  <time id="1" path="/Non Project/PSP Training/Program 1/Planning" start="@1629591136000" delta="7" />
  <time id="2" path="/Non Project/PSP Training/Program 1/Design" start="@1629591538579" delta="40" />
  <time id="6" path="/Non Project/PSP Training/Program 1/Code" start="@1629594099352" delta="43" interrupt="3" />
  <time id="7" path="/Non Project/PSP Training/Program 1/Compile" start="@1629597481553" delta="9" interrupt="4" />
  <time id="8" path="/Non Project/PSP Training/Program 1/Test" start="@1629760883374" delta="16" />
  <time id="10" path="/Non Project/PSP Training/Program 1/Postmortem" start="@1629923126693" delta="19" interrupt="1" />
  <time id="11" path="/Non Project/PSP Training/Program 2/Planning" start="@1630199836625" delta="3" />
  <time id="12" path="/Non Project/PSP Training/Program 2/Planning" start="@1630444699990" delta="7" />
  <time id="13" path="/Non Project/PSP Training/Program 2/Planning" start="@1630445624467" delta="6" interrupt="3" />
  <time id="14" path="/Non Project/PSP Training/Program 2/Design" start="@1630446681508" delta="58" />
  <time id="15" path="/Non Project/PSP Training/Program 2/Code" start="@1630450803771" delta="64" interrupt="7" />
  <time id="16" path="/Non Project/PSP Training/Program 2/Code" start="@1630458276595" delta="24" interrupt="6" />
  <time id="17" path="/Non Project/PSP Training/Program 2/Compile" start="@1630460106313" delta="8" interrupt="4" />
  <time id="18" path="/Non Project/PSP Training/Program 2/Compile" start="@1630460940732" delta="1" />
  <time id="19" path="/Non Project/PSP Training/Program 2/Compile" start="@1630466581000" delta="40" />
  <time id="21" path="/Non Project/PSP Training/Program 2/Test" start="@1630539899295" delta="85" />
  <time id="22" path="/Non Project/PSP Training/Program 2/Test" start="@1630555065866" delta="16" />
  <time id="23" path="/Non Project/PSP Training/Program 2/Test" start="@1630970903226" delta="13" />
  <time id="24" path="/Non Project/PSP Training/Program 2/Test" start="@1630977762211" delta="4" />
  <time id="25" path="/Non Project/PSP Training/Program 2/Postmortem" start="@1631159097764" delta="38" />
  <time id="26" path="/Non Project/PSP Training/Program 3/Planning" start="@1631400133814" delta="14" />
</timeLogEntries>
